"","Ô..user_id","status_id","created_at","screen_name","text","lang","location","lat","lng","GoogleMapsLocation","country","zip","state","daniel","priyanka","florian","dario","mean","daniel_c","priya_c","florian_c","dario_c","mode_c","VADER","Syuzhet","VADERclass","Syuzhetclass","mean_c"
"1",739065966,1374118055010263040,"2021-03-22 21:57:28","Pro_Nuke","President-elect Joe Biden, December 3: ‚ÄúJust 100 days to mask, not forever. One hundred days.‚Äù","en","Wisconsin, USA",44.095598,-87.6877965,"554 S 32nd St, Manitowoc, WI 54220, USA","USA",54220,"WI",0,0,1,0,0.25,"Neutral","Neutral","Positive","Neutral","Neutral",0,0,"Neutral","Neutral","Neutral"
"2",734192770664009728,1374117859861929984,"2021-03-22 21:56:42","ScottWa91433575","Pictures from this weekend children in cages at the border spreading CV19 .The Biden administration they are hypocrites. These pictures had to be sneaked out by a democratic lawmaker because the Press is not allowed to cover this. https://t.co/hiReob0uKN","en","Apollo Beach, FL",27.8230765,-82.369663,"12214 Citrus Leaf Dr, Gibsonton, FL 33534, USA","USA",33534,"FL",-5,-5,-5,-5,-5,"Negative","Negative","Negative","Neutral","Negative",0,-1,"Neutral","Negative","Negative"
"3",1500238717,1374117109366673408,"2021-03-22 21:53:43","carole_wmajors","@KwikWarren Unlike all the other presidents elect President Biden was never given his right to American Intel in view of this I think he‚Äôs doing a phenomenal job!","en","Red Bank, SC",33.9207506,-81.226576,"146 Country Oak Rd, Lexington, SC 29073, USA","USA",29073,"SC",4,4,5,5,4.5,"Positive","Positive","Positive","Positive","Positive",0,2.4,"Neutral","Positive","Positive"
"4",515878187,1374117319237115904,"2021-03-22 21:54:33","TsarNicholas54","everyday joe biden wakes up and pulls a lever that says ‚Äúmake gas more expensive‚Äù conservatives on facebook are the only ones who have figured this out","en","Jefferson Diner",41.1179365,-77.604684,"Unnamed Road, Beech Creek, PA 16822, USA","USA",16822,"PA",-3,-2,-4,2,-1.75,"Negative","Negative","Negative","Positive","Negative",0,-0.25,"Neutral","Neutral","Negative"
"5",906093331398230016,1374117070439383040,"2021-03-22 21:53:34","grooms_terry","@Jim_Jordan Dictator Biden Restricting Freedom of the Press opening borders on his own...this is Outrageous","en","Myrtle Beach, SC",33.67284555,-78.9946395,"616 Cavandish Dr, Myrtle Beach, SC 29588, USA","USA",29588,"SC",-5,-3,-3,-5,-4,"Negative","Negative","Negative","Neutral","Negative",-0.103,-1.35,"Neutral","Negative","Negative"
"6",1126354896607793152,1374079296822644736,"2021-03-22 19:23:28","miikaelllaa","‚úîÔ∏è In Feb. we saw ~100,000 undocumented immigrant encounters. 
‚úîÔ∏è @CBP said March is on track to have the highest encounters. 

MONDAY SCOOP: Biden admin will open a TX migrant facility to hold 2,000 unaccompanied children. This is the 4th influx facility HHS will open.  @BoldTV https://t.co/4XzEzwLFy8","en","Washington, DC",32.8100122,-117.10498915,"3506 Sunbird Way, San Diego, CA 92124, USA","USA",92124,"CA",-1,-1,-2,-2,-1.5,"Negative","Negative","Negative","Neutral","Negative",0.677,-0.6,"Positive","Negative","Negative"
"7",1923819224,1374116624689684480,"2021-03-22 21:51:47","pamela_dahl","@Guadalu46442814 @JohnnyBlkshrt I love Biden calm.","en","Houston, TX",29.7219891,-95.77871135,"3650 Hollow Trace Ln, Katy, TX 77494, USA","USA",77494,"TX",4,4,3,3,3.5,"Positive","Positive","Positive","Positive","Positive",0.758,1.5,"Positive","Positive","Positive"
"8",1053989562,1374104676543643648,"2021-03-22 21:04:19","rparedes_11","@gabincenzo @Emi_26xD @MeisLee12345 @brfootball @JoeBiden Im sorry, unless you want to count those like Elizabeth Warren as Native American generally full blooded native americans still live on reservations. Its messed up but its reality.","en","TX‚úàÔ∏èNH",43.136662,-70.9287375,"10 Garrison Ave, Durham, NH 03824, USA","USA",3824,"NH",-1,-2,-2,-1,-1.5,"Negative","Negative","Negative","Neutral","Negative",0.013,-0.5,"Neutral","Neutral","Negative"
"9",46402897,1374116135960911872,"2021-03-22 21:49:51","DancesWithRain","The U.S. on Friday cleared President Joe Biden‚Äôs goal of injecting 100 million coronavirus shots, more than a month before his target date of his 100th day in office, as the president prepared to set his sights higher in the nationwide vaccination effort.
https://t.co/S248ft2gyU","en","üìçSeattle, WA - Pluviophileüíß",47.6148172,-122.3306024,"1621 Boren Ave, Seattle, WA 98101, USA","USA",98101,"WA",2,1,1,2,1.5,"Positive","Positive","Positive","Positive","Positive",0.318,1,"Neutral","Positive","Positive"
"10",1241915649531604992,1374116122459480064,"2021-03-22 21:49:48","Alan94746262","whats happening Biden u got the Gold u make the rules lol i got the fort knox Gold bitch u got 45% votes currupt election i got proof show u won election Trump was robbed","en","",35.1170026,-106.6327181,"3615 High St NE, Albuquerque, NM 87107, USA","USA",87107,"NM",-4,-5,-5,-5,-4.75,"Negative","Negative","Negative","Neutral","Negative",0.502,-1.1,"Positive","Negative","Negative"
"11",2179951,1374115638214557696,"2021-03-22 21:47:52","wlabovitz","Biden Team Preparing Up to $3 Trillion in New Spending for the Economy https://t.co/iqiu6UMHGn","en","Robinson Township, PA",40.4313888,-79.98068965,"18 S 18th St, Pittsburgh, PA 15203, USA","USA",15203,"PA",0,0,0,0,0,"Neutral","Neutral","Neutral","Neutral","Neutral",0,0.8,"Neutral","Positive","Neutral"
"12",125632328,1374114196456103936,"2021-03-22 21:42:08","Sylvaners","Trump-appointed Social Security Administration officials test Biden ability to forge new agenda https://t.co/pPBTJKXzQa via @YahooNews","en","Joliet, IL",41.51955585,-88.1425115,"2424 W Jefferson St, Joliet, IL 60435, USA","USA",60435,"IL",0,0,0,0,0,"Neutral","Neutral","Neutral","Neutral","Neutral",0.572,1.3,"Positive","Positive","Neutral"
"13",702123944,1374115539619041280,"2021-03-22 21:47:29","rodneyawarren","So was it the wind blowing or did the earth move in a violent fashion when #Biden fell up the steps?","en","Savannah,Ga.",31.94007405,-81.3148992,"521 Edsel Dr, Richmond Hill, GA 31324, USA","USA",31324,"GA",-1,-1,-2,-1,-1.25,"Negative","Negative","Negative","Neutral","Negative",-0.599,-1.25,"Negative","Negative","Negative"
"14",1360716220237033472,1374115538885050368,"2021-03-22 21:47:28","pro_life_rep","@JohnCollins_KP That's because Biden is an adult.","en","Ohio",41.0550136,-83.6339035,"915 Milton St, Findlay, OH 45840, USA","USA",45840,"OH",0,0,0,2,0.5,"Neutral","Neutral","Neutral","Positive","Neutral",0,0,"Neutral","Neutral","Neutral"
"15",312648154,1374115468324204544,"2021-03-22 21:47:12","ceciprd","Biden, the so called President could have kept the WALL CLOSED....Photos of crowded migrant holding center in Texas released by Democratic congressman

https://t.co/hhVRqtAwvP","en","",33.607129,-117.728415,"23081 Via Campo Verde, Laguna Woods, CA 92637, USA","USA",92637,"CA",-2,-2,-3,-3,-2.5,"Negative","Negative","Negative","Neutral","Negative",0,-0.35,"Neutral","Neutral","Negative"
"16",2607065779,1374115268121686016,"2021-03-22 21:46:24","JonFromSeattle","So pro Biden supporters went to the border, handed out Biden Flags and Shirts, and told migrants Biden will let you in? Yeah, I could see that totally happening. https://t.co/BcNagKSdC6","en","Washington, USA",47.48518545,-122.1100236,"17225 SE 128th St, Renton, WA 98059, USA","USA",98059,"WA",-2,-2,-3,-2,-2.25,"Negative","Negative","Negative","Neutral","Negative",0.656,0.8,"Positive","Positive","Negative"
"17",50170133,1374115001749925888,"2021-03-22 21:45:20","corrydiehl","Media: trump is ruining everything
People: but... Biden is ‚Äúpresident‚Äù
Media: stfu
Bee stings person: WHITE SUPREMECY!!!!!
Pretty day outside: WHITE SUPREMICIST CLOUDS
Internet goes out: WHITE SUPREMECY

You all are fucking idiots","en","Georgia",32.6782075,-83.1738665,"Stuckey Rd 108, Danville, GA 31017, USA","USA",31017,"GA",0,-4,-3,-3,-2.5,"Neutral","Negative","Negative","Neutral","Negative",0.716,-1.2,"Positive","Negative","Negative"
"18",97273575,1374114874708652032,"2021-03-22 21:44:50","Clarknt67","@eviebauer727 @garrettsuth20 @BuzzFeedNews Ok. But Trump is not in charge anymore. This guy is: https://t.co/qTZnhPsGQO","en","Brooklyn, Baby!",40.655138,-73.9487755,"326 Clarkson Ave, Brooklyn, NY 11226, USA","USA",11226,"NY",-3,0,-2,0,-1.25,"Negative","Neutral","Negative","Neutral","Negative",0.178,-0.1,"Neutral","Neutral","Negative"
"19",1287079370193014784,1374114591765106688,"2021-03-22 21:43:43","bible_here","@D_Moynihan Of course, isn‚Äôt that the Biden‚Äôs MO? üòÇ","en","",38.428635,-81.7725275,"5322 Bentbrook Rd, Charleston, WV 25313, USA","USA",25313,"WV",0,1,0,0,0.25,"Neutral","Positive","Neutral","Neutral","Neutral",0,0,"Neutral","Neutral","Neutral"
"20",1107097248,1374114513025331200,"2021-03-22 21:43:24","RCCH3","Impeach joe biden. Purposely endangering American citizens with his unlawful immigration policy is grounds for impeachment.","en","",47.27302215,-120.882482,"13610 Teanaway Rd North Fork, Cle Elum, WA 98922, USA","USA",98922,"WA",-5,-3,-5,-5,-4.5,"Negative","Negative","Negative","Neutral","Negative",0,-1.8,"Neutral","Negative","Negative"
"21",850361573113778176,1374114489637994496,"2021-03-22 21:43:18","realtorwayneky","@jAlmz5 With Biden shirts? ü§∑‚Äç‚ôÇÔ∏è","en","Paris, KY",38.2025735,-84.2621315,"1559 Main St, Paris, KY 40361, USA","USA",40361,"KY",0,-0.5,0,0,-0.125,"Neutral","Neutral","Neutral","Neutral","Neutral",0,0,"Neutral","Neutral","Neutral"
"22",82437645,1374114429625888768,"2021-03-22 21:43:04","JarrellFMG","Y‚Äôall tithing off these Biden bucks and Kamala cash or nah?? üòÇüòÇ","en","210, Texas",29.417501,-98.5406515,"3014 Chihuahua St, San Antonio, TX 78207, USA","USA",78207,"TX",0,-1,-2,-1,-1,"Neutral","Negative","Negative","Neutral","Negative",-0.193,0.4,"Neutral","Neutral","Negative"
"23",21711128,1374114337850322944,"2021-03-22 21:42:42","GreekDr","Biden is excited about the ‚ÄúFinal Four‚Äù .....That is the last four steps when climbing into Air Force One  #BidenFalls","en","New Castle, PA",41.0042615,-80.33466,"605 N Croton Ave, New Castle, PA 16101, USA","USA",16101,"PA",-1,-0.5,-2,-1,-1.125,"Negative","Neutral","Negative","Neutral","Negative",0.34,0.15,"Neutral","Neutral","Negative"
"24",1372148341732036608,1374114105729060864,"2021-03-22 21:41:47","kraft_bev","@JudiciaryGOP This is total BS!!! 
A President‚Äôs top responsibility is to keep American Citizen‚Äôs SAFE!!!Biden is making us LESS SAFE every day and he is destroying America!!üò°üò°","en","",47.667438,-117.434547,"1508 W Gardner Ave, Spokane, WA 99201, USA","USA",99201,"WA",-5,-5,-5,-5,-5,"Negative","Negative","Negative","Neutral","Negative",0.533,0,"Positive","Neutral","Negative"
"25",1350270990178254848,1374090834237386752,"2021-03-22 20:09:18","SammySm68603293","@jbclaw @raidermike5569 @JamesOKeefeIII @PressSec What promises did Biden make?","en","",33.13719,-91.989865,"2700 W 4th Ave, Crossett, AR 71635, USA","USA",71635,"AR",0,0,0,0,0,"Neutral","Neutral","Neutral","Neutral","Neutral",0.382,0.5,"Neutral","Neutral","Neutral"
"26",1573107234,1374113850560180224,"2021-03-22 21:40:46","Jeres_Rant","As Republican legislators press President @JoeBiden over a surge of #immigrants at the US-Mexico border, Sen. @JohnCornyn of Texas attacked Biden on Twitter over his admin's ""humane treatment of immigrants."" #Immigration 

https://t.co/jQCHSUuID9 https://t.co/CWO9Spe2sF","en","",34.41563105,-118.5032588,"26468 Carl Boyer Dr, Santa Clarita, CA 91350, USA","USA",91350,"CA",0,0.5,0,1,0.375,"Neutral","Neutral","Neutral","Positive","Neutral",-0.459,-0.75,"Neutral","Negative","Neutral"
"27",66752078,1374113393213382656,"2021-03-22 21:38:57","goleftrightnow","@GOPChairwoman Day 58 of @POTUS actually working for Americans, not Putin, &amp; not just to boost your absurd ego. Trump's a PR guy, @JoeBiden is a real man &amp; a legitimate President. If you can't spot the difference, you belong on Gulag Island w/ the rest of your reality-show lackeys in the @GQP","en","Winter Park, FL",28.6001855,-81.3417295,"312 Trismen Terrace, Winter Park, FL 32789, USA","USA",32789,"FL",4,5,5,3,4.25,"Positive","Positive","Positive","Positive","Positive",-0.309,0.55,"Neutral","Positive","Positive"
"28",1601568144,1374113236874842112,"2021-03-22 21:38:20","kaminski1620","@kayleighmcenany @FoxNews @AmericaRpts @SandraSmithFox @johnrobertsFox Biden can‚Äôt handle his own family. So no one should expect him to handle the migrants who he told to come on in to America.","en","",41.79158405,-88.0400015,"2300 Wisconsin Ave UNIT 315, Downers Grove, IL 60515, USA","USA",60515,"IL",-3,-3,-4,-4,-3.5,"Negative","Negative","Negative","Neutral","Negative",-0.36,0.4,"Neutral","Neutral","Negative"
"29",2250395057,1374112933534371840,"2021-03-22 21:37:07","lennyandcompany","@crankyoldman13 Come on already #JoeBiden  FREE REALITY WINNER  !!!","en","MILES FROM NOWHERE",40.8887425,-80.682089,"530 E Park Ave, Columbiana, OH 44408, USA","USA",44408,"OH",3,0.5,2,4,2.375,"Positive","Neutral","Positive","Positive","Positive",0.887,1.25,"Positive","Positive","Positive"
"30",3193455540,1374112688725504000,"2021-03-22 21:36:09","susankey_key","Glad to see this becuz what affects our neighbor affects us. Go Joe!
https://t.co/SHGiM7L9yO","en","Atlanta, GA",32.6782075,-83.1738665,"Stuckey Rd 108, Danville, GA 31017, USA","USA",31017,"GA",2,2,3,4,2.75,"Positive","Positive","Positive","Positive","Positive",0.509,1.15,"Positive","Positive","Positive"
"31",743414304,1374112402648760320,"2021-03-22 21:35:01","ZachEdwards21","Y‚Äôall thought trump was gonna get us in a war and Biden is starting Twitter beef with one of the most dangerous leaders he could have picked üòÇ","en","Fayetteville, AR",34.7519365,-92.131274,"Unnamed Road, North Little Rock, AR 72117, USA","USA",72117,"AR",-2,-0.5,-2,-3,-1.875,"Negative","Neutral","Negative","Neutral","Negative",-0.807,-1.1,"Negative","Negative","Negative"
"32",628131663,1374112359338319872,"2021-03-22 21:34:50","GoldichSandy","@DailyCaller @PressSec That‚Äôs why no one is allowed to take videos or pics. Cuz they‚Äôre treated very bad at the border. Biden is trying to hide this. I miss trump","en","",36.0609645,-115.1351649,"7098 Rustler Ct, Las Vegas, NV 89119, USA","USA",89119,"NV",-3,-3,-2,-3,-2.75,"Negative","Negative","Negative","Neutral","Negative",-0.807,-0.85,"Negative","Negative","Negative"
"33",34944204,1374112048418799616,"2021-03-22 21:33:36","Simplymaureen2u","SuchShit... https://t.co/q6VTsvlOpd","en","",26.5634823,-80.054806,"Dixie Hwy & Neptune Dr, Hypoluxo, FL 33462, USA","USA",33462,"FL",-2,-2,-2,-2,-2,"Negative","Negative","Negative","Neutral","Negative",0,0,"Neutral","Neutral","Negative"
"34",19045827,1374112012427481088,"2021-03-22 21:33:28","anthonycaldwell","Help Is Here! Thanks @POTUS @JoeBiden! https://t.co/yOvOpM3WUS","en","Columbus, Ohio",39.9946835,-82.98577205,"750 E 11th Ave, Columbus, OH 43211, USA","USA",43211,"OH",2,2,3,3,2.5,"Positive","Positive","Positive","Positive","Positive",0.734,0.6,"Positive","Positive","Positive"
"35",319901933,1374111961101701120,"2021-03-22 21:33:15","KatieDaviscourt","We are 61 days into Biden‚Äôs Presidency and he has yet to give a solo press conference.","en","Seattle, WA",47.6148172,-122.3306024,"1621 Boren Ave, Seattle, WA 98101, USA","USA",98101,"WA",-1,-0.5,-1,-2,-1.125,"Negative","Neutral","Negative","Neutral","Negative",0,0,"Neutral","Neutral","Negative"
"36",199120695,1374102602988752896,"2021-03-22 20:56:04","Nityalakshmi","@voiceofsandiego Why is government trying to rip off students? Have soldiers surrender housing in pandemic! Be royal Baby America! @JoeBiden","en","San Diego, CA",37.2691755,-119.3066075,"Stump Springs Rd, Lakeshore, CA 93634, USA","USA",93634,"CA",-1,-3,-2,-2,-2,"Negative","Negative","Negative","Neutral","Negative",0,-1.65,"Neutral","Negative","Negative"
"37",40140510,1374111927668928512,"2021-03-22 21:33:07","FrankMullens","Bitchin' roasted veggie and grilled chicken bowl with Cilantro Chili #BitchinSauce and @IndustryWeek's Biden vs. Trump on Reshoring: A Review, and a Critique https://t.co/Iv2HEiCJZi","en","Simi Valley, California",34.0207895,-118.4119065,"3624 Westwood Blvd, Los Angeles, CA 90034, USA","USA",90034,"CA",0,0,-1,0,-0.25,"Neutral","Neutral","Negative","Neutral","Neutral",0,-0.7,"Neutral","Negative","Neutral"
"38",2722589802,1374111763885608960,"2021-03-22 21:32:28","GhandhiUSA","https://t.co/pDX2EQzMwU

 Biden's student loan cancellation is @par with his open borders policy. Screw the people that are waiting on line to become Americans;and screw the hard working Americans that paid off their obligations. Both groups respect the rule of law and hard work!","en","",40.655138,-73.9487755,"326 Clarkson Ave, Brooklyn, NY 11226, USA","USA",11226,"NY",-3,-2,-3,-2,-2.5,"Negative","Negative","Negative","Neutral","Negative",0.2,0.75,"Neutral","Positive","Negative"
"39",803004340608843776,1374111359340793856,"2021-03-22 21:30:52","thatmikeny","#Americaorbust no one really believes the idea that Biden stole the election it‚Äôs just a way to cause chaos and doubt and hope that orange judas can finish the destruction of democracy he started 5 years ago","en","NY etc",41.023622,-72.166432,"65 Rd B, East Hampton, NY 11937, USA","USA",11937,"NY",1,2,2,1,1.5,"Positive","Positive","Positive","Positive","Positive",-0.848,-2.15,"Negative","Negative","Positive"
"40",2393280588,1374111347504467968,"2021-03-22 21:30:49","koreywilliams23","Blow this up y‚Äôall. Biden‚Äôs Crisis. https://t.co/eX4fZDwJeZ","en","",41.5525266,-83.6052168,"100 Trinity Ct, Perrysburg, OH 43551, USA","USA",43551,"OH",-2,-1,-2,-3,-2,"Negative","Negative","Negative","Neutral","Negative",-0.625,-1.15,"Negative","Negative","Negative"
"41",1262784420710420480,1374111224460378112,"2021-03-22 21:30:20","murphwv","@kristak530 Big Jim just hates that he doesn‚Äôt have anything negative to say about Biden.","en","Charleston, WV",38.347486,-81.6337049,"1024 Virginia St E, Charleston, WV 25301, USA","USA",25301,"WV",2,1,1,1,1.25,"Positive","Positive","Positive","Positive","Positive",-0.765,-1.25,"Negative","Negative","Positive"
"42",350304093,1374111136707055616,"2021-03-22 21:29:59","dbstar25","The harris biden administration won't let media into any ares at the border or camps.... üò† Biden's 'kids in cages' prove his hypocrisy on immigration https://t.co/hu57EjpAU4 via @nypost","en","",33.12035895,-117.0723185,"603 E 5th Ave, Escondido, CA 92025, USA","USA",92025,"CA",-4,-3,-4,-3,-3.5,"Negative","Negative","Negative","Neutral","Negative",0,-0.4,"Neutral","Neutral","Negative"
"43",918892873600319488,1374111068344176640,"2021-03-22 21:29:43","Notsojingo","@LisPower1 Makes sense.
If Biden/Pakistan are saying ot, it is as likely the opposite of the Truth as when Trump/ Sarah Sanders made their magic happen.
#PaidToLiePoliticians","en","Hell, United States",26.03967995,-80.1783915,"3471 Emerald Oaks Dr, Hollywood, FL 33021, USA","USA",33021,"FL",-3,-2,-3,-3,-2.75,"Negative","Negative","Negative","Neutral","Negative",0.318,1.15,"Neutral","Positive","Negative"
"44",120123034,1374110859929255936,"2021-03-22 21:28:53","no1askedme","I think President Biden was too kind! Putin is a MFing killer! https://t.co/8JzXTAcHjb","en","Ohio",41.58843175,-83.5652951,"1120 Buck Rd, Rossford, OH 43460, USA","USA",43460,"OH",-1,3,1,-1,0.5,"Negative","Positive","Positive","Neutral","Positive",-0.358,-0.5,"Neutral","Neutral","Neutral"
"45",44784223,1374110321418375168,"2021-03-22 21:26:45","SouthernSlangg","Joe Biden what the fuck","en","Ocasso DeBlanco Follows You",39.18563905,-76.634125,"100 Woods Ave, Glen Burnie, MD 21061, USA","USA",21061,"MD",-1,-1,-2,-4,-2,"Negative","Negative","Negative","Neutral","Negative",-0.542,-1,"Negative","Negative","Negative"
"46",369768274,1374110066018816000,"2021-03-22 21:25:44","_WhoIsTA","Still waiting on my Biden bucks.","en","The Voydd / Sc / Denver ",38.997936,-105.5508905,"1337 Stoll Mountain Rd, Lake George, CO 80827, USA","USA",80827,"CO",0,-1,-2,0,-0.75,"Neutral","Negative","Negative","Neutral","Negative",0,0,"Neutral","Neutral","Negative"
"47",1576069417,1374109931113218048,"2021-03-22 21:25:11","RossRightNow","We will never forget they way those who we gave power over us abandoned us entirely in the name of eternal economic growth. Donald Trump was one thing. Joe Biden is where the true fight begins. I do not stand with a do-nothing government that fails to prioritize humanity.","en","Indianapolis, IN",39.7795625,-86.1429225,"870 Massachusetts Ave, Indianapolis, IN 46202, USA","USA",46202,"IN",-4,-2,-4,-4,-3.5,"Negative","Negative","Negative","Neutral","Negative",-0.326,-1.6,"Neutral","Negative","Negative"
"48",788522558194790400,1374109824544174080,"2021-03-22 21:24:46","cabussel","@WhiteHouse @JoeBiden Got my second dose yesterday ‚Äî today I feel like üí©- hope to be back back to normal tomorrow","en","",38.997936,-105.5508905,"1337 Stoll Mountain Rd, Lake George, CO 80827, USA","USA",80827,"CO",0,-1,0,0,-0.25,"Neutral","Negative","Neutral","Neutral","Neutral",0.66,1,"Positive","Positive","Neutral"
"49",2194872936,1374109690846535680,"2021-03-22 21:24:14","DMillersMx","Okay @JoeBiden... how is this better? When you are scared, worried and in another country, how do you make good decisions? The US should have foreseen this after Trump‚Äôs four years of tumult! https://t.co/4sdxxcXhOL","en","",36.0609645,-115.1351649,"7098 Rustler Ct, Las Vegas, NV 89119, USA","USA",89119,"NV",-1,-1,-1,-2,-1.25,"Negative","Negative","Negative","Neutral","Negative",0.503,-0.8,"Positive","Negative","Negative"
"50",837235303,1374109542766632960,"2021-03-22 21:23:39","weekendnomad88","I‚Äôm so happy that the Biden Admin implemented laws to help out taxpayers this year but that also means a lot of Tax changes and it‚Äôs been driving me crazy reading through to keep myself updated üòÖ","en","Laguna Beach, CA",33.689732,-117.7823605,"15092 Glass Cir, Irvine, CA 92604, USA","USA",92604,"CA",4,3,4,2,3.25,"Positive","Positive","Positive","Positive","Positive",0.064,-0.15,"Neutral","Neutral","Positive"
"51",44044639,1374108928028639232,"2021-03-22 21:21:12","midianschild","@WhiteHouse @JoeBiden I can't get appointment everyone is booked for all the vaccine they have left","en","",40.4396865,-75.344407,"720 Juniper St, Quakertown, PA 18951, USA","USA",18951,"PA",-3,-2,-2,-1,-2,"Negative","Negative","Negative","Neutral","Negative",0,0,"Neutral","Neutral","Negative"
"52",72948763,1374108819152834560,"2021-03-22 21:20:46","ItzGetty","@ericcbarnes @FoxNews @Dan82523 72% deported. After Biden said he wouldn't be deporting. 

So defend either his campaign lies or that he is racist because he is deporting immigrants.","en","In Texas. From California",29.8384948,-95.4464865,"4502 Belle Glade Dr, Houston, TX 77018, USA","USA",77018,"TX",-4,-4,-5,-5,-4.5,"Negative","Negative","Negative","Neutral","Negative",-0.778,-1.75,"Negative","Negative","Negative"
"53",943199357599395840,1374108551032016896,"2021-03-22 21:19:42","edontess171","@theappeal @JoeBiden when confronted about Hunter‚Äôs drug use during the campaign: ‚ÄúHe‚Äôs fixed it, he‚Äôs worked on it. And I‚Äôm proud of him.‚Äù
@joebiden to former potsmokers at WH: ‚ÄúYou‚Äôre fired!‚Äù https://t.co/xxtMukqwQd.","en","Tampa, FL",27.79571925,-82.672903,"2863 26th Ave N, St. Petersburg, FL 33713, USA","USA",33713,"FL",-3,-2,-2,-2,-2.25,"Negative","Negative","Negative","Neutral","Negative",0.38,-0.2,"Neutral","Neutral","Negative"
"54",760077133645504512,1374107942383984640,"2021-03-22 21:17:17","DottieJoyner1","Is this tweet a joke? 45 did the hard work he had knowledge he respected science and he had a commitment to this country. Biden has no knowledge of anything. The only knowledge he has is how does through this country and pocket money from China. He is actually a dummy. https://t.co/cp8e1oR8MX","en","Columbus, OH",39.9946835,-82.98577205,"750 E 11th Ave, Columbus, OH 43211, USA","USA",43211,"OH",-5,-4,-5,-5,-4.75,"Negative","Negative","Negative","Neutral","Negative",0.649,2.8,"Positive","Positive","Negative"
"55",596570538,1374104151739752448,"2021-03-22 21:02:14","sarah4parker","@NomikiKonst @CNN @MSNBC @FoxNews Why does Nomiki go on Fox as a Democratic commentator &amp; say virtually nothing. If she isn't going to defend Biden &amp; other Democratic policies, then maybe she should stay off Fox. She is barely a Democrat.","en","",34.0489705,-84.066106,"478 Suwanee Green Blvd, Suwanee, GA 30024, USA","USA",30024,"GA",0,0,0,0,0,"Neutral","Neutral","Neutral","Neutral","Neutral",0,0.5,"Neutral","Neutral","Neutral"
"56",231229494,1374107851266928640,"2021-03-22 21:16:56","ryanstruse","@Lubchansky @JordanUhl No doubt but in light of what‚Äôs in front of you, what exactly could be done that solves this? As a Democrat it pains me to say this was handled better with Trump. Less people in detention centers was better. If Biden was smart he‚Äôd adopt some of his policy to corral migration.","en","New York",43.040986,-76.3053485,"27 1st St, Camillus, NY 13031, USA","USA",13031,"NY",-1,-3,-2,-2,-2,"Negative","Negative","Negative","Neutral","Negative",0.874,0.5,"Positive","Positive","Negative"
"57",24695066,1374107587055132672,"2021-03-22 21:15:53","rlparker47","He‚Äôs is absolutely correct Joe‚Äùshit for brains‚Äù Biden is suffering from dementia. https://t.co/hqPNHQIpt1","en","√úT: 33.982219,-84.068903",32.6782075,-83.1738665,"Stuckey Rd 108, Danville, GA 31017, USA","USA",31017,"GA",-4,-4,-5,-5,-4.5,"Negative","Negative","Negative","Neutral","Negative",-0.477,-1.05,"Neutral","Negative","Negative"
"58",229748029,1374107421908606976,"2021-03-22 21:15:13","alondrapitones","Chill on me papi Biden .. I be tripping on both ü•≤ https://t.co/WGVF5Oxep5","en","Lobatos,Valparaiso,Zacatecasüìç",41.85174015,-88.113245,"1209 Warrenville Rd, Wheaton, IL 60189, USA","USA",60189,"IL",-1,0,0,0,-0.25,"Negative","Neutral","Neutral","Neutral","Neutral",0,-0.7,"Neutral","Negative","Neutral"
"59",285961054,1374107278912204800,"2021-03-22 21:14:39","dallasmom53","Biden has kids in pods!  Horrible conditions!  #Impeach46","en","",40.572376,-74.153947,"215 Arthur Kill Rd, Staten Island, NY 10306, USA","USA",10306,"NY",-4,-4,-4,-5,-4.25,"Negative","Negative","Negative","Neutral","Negative",-0.623,-1.25,"Negative","Negative","Negative"
"60",923683964480495616,1374107213975928832,"2021-03-22 21:14:24","Loveydovey1011","@dcexaminer @PressSec @JoeBiden Was the person the dog bit a black communist or a white supremely. Major difference.","en","Buckeye, AZ",33.615955,-112.2831118,"10354 W Cameo Dr, Sun City, AZ 85351, USA","USA",85351,"AZ",0,-1,0,0,-0.25,"Neutral","Negative","Neutral","Neutral","Neutral",0.572,0.8,"Positive","Positive","Neutral"
"61",1348316022,1374107136645554176,"2021-03-22 21:14:05","therealjondubs","@fdotny @stillgray This is what trump inherited then he helped reduce it while in office to the point it was almost non existent. Biden invited people to come but did not prepare for it actually happening. This is a topic for both sides of the isle.","en","",42.9072065,-78.74839885,"2345 Walden Ave, Cheektowaga, NY 14225, USA","USA",14225,"NY",-1,-1,-2,-1,-1.25,"Negative","Negative","Negative","Neutral","Negative",0,0.8,"Neutral","Positive","Negative"
"62",15446531,1374107082044100608,"2021-03-22 21:13:52","mattyglesias","This tidbit on how Senate Democrats were convinced to provide a cash benefit with no work requirement is a teachable moment.

https://t.co/HYuF2d0uIe https://t.co/O8Dl6LQn5N","en","Washington, DC",38.89860285,-77.0143985,"250 Massachusetts Ave NE, Washington, DC 20002, USA","USA",20002,"DC",0,-0.5,0,0,-0.125,"Neutral","Neutral","Neutral","Neutral","Neutral",0.542,2.8,"Positive","Positive","Neutral"
"63",3413866505,1374106904822173696,"2021-03-22 21:13:10","HainesCaren","@TravisAllen02 @POTUS Biden is wonderfully skilled, competent, and supports all of us!
We are blessed that he has rescued the US from it‚Äôs certain demise under Trump. I know Biden will make sure the republicans cannot steal our democracy and let that criminal enterprise gain power again.","en","New York, USA",42.746617,-75.770041,"Peckham Hollow Rd, Georgetown, NY 13072, USA","USA",13072,"NY",5,5,5,5,5,"Positive","Positive","Positive","Positive","Positive",0.967,3.9,"Positive","Positive","Positive"
"64",2883466048,1374087061544833024,"2021-03-22 19:54:19","dancooper5163","This will set the Republicans into orbit! $3 Trillion infrastructure bill. Good package for education plus!

White House prepares massive infrastructure bill with universal pre-k, free community college, climate measures
By Jeff Stein and Tyler Pager

https://t.co/ogsfKsMKBT","en","Leesburg, GA",31.7419295,-84.1758,"135 Twelve Oaks Ct, Leesburg, GA 31763, USA","USA",31763,"GA",0,2,1,0,0.75,"Neutral","Positive","Positive","Neutral","Neutral",0.777,2.65,"Positive","Positive","Positive"
"65",4882310487,1374106765156057088,"2021-03-22 21:12:37","pimanjc","@JesseBWatters , how do you let Juan Williams tell multiple lies and spins about illegal immigrants and Biden policy vs Trump policy on your show?","en","Wichita, KS",37.6838965,-97.34391495,"525 W Douglas Ave, Wichita, KS 67213, USA","USA",67213,"KS",-1,0,0,0,-0.25,"Negative","Neutral","Neutral","Neutral","Neutral",-0.751,-2.1,"Negative","Negative","Neutral"
"66",80952639,1374106662261321728,"2021-03-22 21:12:12","jodygail07","@neos_autism @JoeBiden I have the @POTUS handle blocked for these very reasons!","en","Checotah, OK",35.732579,-95.370419,"1444 S Cherokee St, Muskogee, OK 74403, USA","USA",74403,"OK",-2,-2,-2,-1,-1.75,"Negative","Negative","Negative","Neutral","Negative",-0.338,-0.4,"Neutral","Neutral","Negative"
"67",1167228709,1374106653445009408,"2021-03-22 21:12:10","Chienreaver","@POTUS @JoeBiden Mask up so you can get hit by a distracted or reckless wearing a mask willing to hit and kill you or seriously injure you, you mask up joe but I'm not protecting these assholes","en","Colorado",38.749673,-104.724865,"440 Garwood Ct, Colorado Springs, CO 80911, USA","USA",80911,"CO",0,-4,-3,-2,-2.25,"Neutral","Negative","Negative","Neutral","Negative",-0.164,-1.15,"Neutral","Negative","Negative"
"68",444326470,1374106453951275008,"2021-03-22 21:11:22","kayereed78","@GOPChairwoman So? I got my stimulus payment &amp; my first vaccine yesterday because of the hard work President Biden is putting in. Keep whining. Some people aren‚Äôt narcissists.","en","Fort Benning, GA",32.4823035,-84.91730695,"910 Lamore St, Columbus, GA 31907, USA","USA",31907,"GA",4,3,3,4,3.5,"Positive","Positive","Positive","Positive","Positive",-0.318,-1.1,"Neutral","Negative","Positive"
"69",1165298651494834176,1374106452248383488,"2021-03-22 21:11:22","patriciasealy31","I wonder if biden can be impeached over the boarder problem and along with other things such as lying and things","en","North Dallas, Dallas",32.8198585,-96.7617535,"Skillman at Palo Pinto S NS, Dallas, TX 75206, USA","USA",75206,"TX",-4,-3,-4,-5,-4,"Negative","Negative","Negative","Neutral","Negative",-0.727,-1.25,"Negative","Negative","Negative"
"70",2459008796,1374106408543678464,"2021-03-22 21:11:12","kimberlyhow47","White House prepares massive infrastructure bill with universal pre-k, free community college, climate measures
By Jeff Stein and Tyler Pager

https://t.co/TAck2zUAwk","en","Do Not Add Me To Lists",45.7974457,-108.56292205,"2721 Terrace Dr, Billings, MT 59102, USA","USA",59102,"MT",0,0,0,0,0,"Neutral","Neutral","Neutral","Neutral","Neutral",0.511,1.9,"Positive","Positive","Neutral"
"71",3700920982,1374099226209173504,"2021-03-22 20:42:39","gepehill1","President Biden impresses me more and more each day. Our President is demonstrating the political will to tackle the BIG problems facing our country.","en","Virginia",38.01862,-77.554064,"6 Sandy Cir, Ruther Glen, VA 22546, USA","USA",22546,"VA",5,4,5,5,4.75,"Positive","Positive","Positive","Positive","Positive",0.103,0,"Neutral","Neutral","Positive"
"72",946379184896589824,1374105949435174912,"2021-03-22 21:09:22","rhysrenouille","Can someone explain this to me? What‚Äôs going on here, and why are we still having this argument a year after Warren and Sanders dropped out? And please don‚Äôt tell me it‚Äôs because Warren sabotaged Sanders or vice versa - even their combined support wouldn‚Äôt have defeated Biden.","en","Summerlin South, NV",36.1209589,-115.3353435,"11084 Village Ridge Ln, Las Vegas, NV 89135, USA","USA",89135,"NV",1,1,2,0,1,"Positive","Positive","Positive","Neutral","Positive",-0.241,-0.8,"Neutral","Negative","Positive"
"73",19770123,1374105436941606912,"2021-03-22 21:07:20","MikeHabegger","I LOVE JOE BIDEN","en","Wilmington, DE",39.899312,-75.3757235,"7 Byre Ln, Wallingford, PA 19086, USA","USA",19086,"PA",5,5,5,5,5,"Positive","Positive","Positive","Positive","Positive",0.637,0.75,"Positive","Positive","Positive"
"74",1045151578141814784,1374105659038343168,"2021-03-22 21:08:13","WiseOldTexan","@TheRickyDavila @SaltPepperNSoul It pisses me off that the @washingtonpost is running headlines with the words ""Biden failed to"" in them.","en","Scottsdale, AZ",33.63933985,-111.8583985,"16936 N 103rd Pl, Scottsdale, AZ 85255, USA","USA",85255,"AZ",3,3,2,2,2.5,"Positive","Positive","Positive","Positive","Positive",-0.691,-1.3,"Negative","Negative","Positive"
"75",793658020743876608,1374105361154781184,"2021-03-22 21:07:02","509ShawnG","White House aides prep $3 trillion jobs package for Biden

https://t.co/SpciuhmVKf","en","Spokane, WA",47.667438,-117.434547,"1508 W Gardner Ave, Spokane, WA 99201, USA","USA",99201,"WA",1,1,0,0,0.5,"Positive","Positive","Neutral","Neutral","Neutral",0,0.4,"Neutral","Neutral","Neutral"
"76",775036003669176320,1374105272122277888,"2021-03-22 21:06:41","AndyGumps5","@rjdomos @ByronYork Ummm.  What?   The influx didn‚Äôt start until a week after Biden‚Äôs inauguration.","en","",34.20920625,-80.9769255,"10901 Wilson Blvd, Blythewood, SC 29016, USA","USA",29016,"SC",0,-1,0,0,-0.25,"Neutral","Negative","Neutral","Neutral","Neutral",0,0.6,"Neutral","Positive","Neutral"
"77",1113352116255457280,1374105217818591232,"2021-03-22 21:06:28","GeneHornung3","@btomarra @caleatoxic Take that, Joe Biden! üòáüòàüî•","en","Madison, Wisconsin",44.900818,-89.5694915,"6207 Rodney St, Weston, WI 54476, USA","USA",54476,"WI",0,0,0,0,0,"Neutral","Neutral","Neutral","Neutral","Neutral",0,0,"Neutral","Neutral","Neutral"
"78",786657015347064832,1374104766826053632,"2021-03-22 21:04:40","TM72774","@SPepper1964 @jeff_pill @PamelaBrownCNN You know its bad when the PRAVDA is bitching about Biden","en","Pittsburgh, PA",40.4313888,-79.98068965,"18 S 18th St, Pittsburgh, PA 15203, USA","USA",15203,"PA",-3,-3,-2,-1,-2.25,"Negative","Negative","Negative","Neutral","Negative",-0.681,-1,"Negative","Negative","Negative"
"79",2966173305,1374104652178935808,"2021-03-22 21:04:13","KrizekForVA","Yep, good for the @POTUS Biden. EVERYBODY deserves to be treated humanely. That can‚Äôt be emphasized enough despite your  opinion to the contrary. https://t.co/xDl20u7OV3","en","Mount Vernon/Lee",38.7480575,-77.076648,"7725 Frances Dr, Alexandria, VA 22306, USA","USA",22306,"VA",-2,-4,2,-4,-2,"Negative","Negative","Positive","Neutral","Negative",0.625,-0.1,"Positive","Neutral","Negative"
"80",4579521256,1374103852199391232,"2021-03-22 21:01:02","mooney6_ray","Trump: Biden gets 'softball' questions from press. Says Democrats are 'destroying' the country with 'woke' https://t.co/rqkRIzmrbK","en","NYC",40.67087955,-73.8311875,"110-00 Rockaway Blvd, South Ozone Park, NY 11420, USA","USA",11420,"NY",-1,-2,-1,-2,-1.5,"Negative","Negative","Negative","Neutral","Negative",-0.557,-0.1,"Negative","Neutral","Negative"
"81",1086348776623599616,1374103724147187712,"2021-03-22 21:00:32","JohnJGaltrules","@StealthQE4 Heard rumblings today of Biden putting together another 3 trillion spending bill. 

I shit you not.","en","Las Vegas, NV",36.006256,-115.03833685,"607 Scenic Rim Dr, Henderson, NV 89012, USA","USA",89012,"NV",-1,-1,-2,-2,-1.5,"Negative","Negative","Negative","Neutral","Negative",-0.557,-0.75,"Negative","Negative","Negative"
"82",216435483,1374103520547282944,"2021-03-22 20:59:43","BrunitaAz","@allanldsantos @CNN Sleep Biden","en","Los Angeles, CA",37.2691755,-119.3066075,"Stump Springs Rd, Lakeshore, CA 93634, USA","USA",93634,"CA",-2,-1,-1,0,-1,"Negative","Negative","Negative","Neutral","Negative",0,0,"Neutral","Neutral","Negative"
"83",24983195,1374103139289337856,"2021-03-22 20:58:12","ILUV2TWEET","Hey, Ohio! Avoid this coffee shop if you care about human rights:
https://t.co/IifZoPwEIs","en","New York, NY",42.746617,-75.770041,"Peckham Hollow Rd, Georgetown, NY 13072, USA","USA",13072,"NY",0,0,0,0,0,"Neutral","Neutral","Neutral","Neutral","Neutral",0.316,0.5,"Neutral","Neutral","Neutral"
"84",568777691,1374103139117363200,"2021-03-22 20:58:12","shirleyperryman","Pics of Border Facility Leaked; Top Biden Officials' Big Tech Ties; Some... https://t.co/DKPmsVA4dC via @YouTube","en","Nocona, TX  76255",33.786164,-97.7253495,"110 Sherman St, Nocona, TX 76255, USA","USA",76255,"TX",0,-1,0,-1,-0.5,"Neutral","Negative","Neutral","Neutral","Neutral",-0.128,-0.25,"Neutral","Neutral","Neutral"
"85",377075344,1374102914168393728,"2021-03-22 20:57:18","mega_tro_n","what is joe biden‚Äôs plan to release all the data about aliens","en","she/her",39.242021,-84.385063,"1945 Cincinnati Eye Institute Dr, Blue Ash, OH 45242, USA","USA",45242,"OH",0,-0.5,0,0,-0.125,"Neutral","Neutral","Neutral","Neutral","Neutral",0,0,"Neutral","Neutral","Neutral"
"86",4808376620,1374102902688653312,"2021-03-22 20:57:16","sean_vdr","Red alert: I am growing a 5G antenna out of my head, likely due to the Bill Gates and Joe Biden vaccine. Ah! (sarcasm. get vaccinated!) https://t.co/cyfyzs51Rg","en","Green Park, MO",38.5206891894587,-90.335960192069,"9325 Southtowne Farms Dr, St. Louis, MO 63123, USA","USA",63123,"MO",1,1,3,1,1.5,"Positive","Positive","Positive","Positive","Positive",0.379,0.05,"Neutral","Neutral","Positive"
"87",1273991391358734336,1374102379356905472,"2021-03-22 20:55:11","stevenmoro3","Joe Biden, is giving $1,100 to every illegal immigrant, before busing them into Americans interior. It‚Äôs estimated that 6,000 cross the border illegally on a daily basis. Our government &amp; country is in serious jeopardy. The Democrats r destroying America!","en","",32.576227,-86.6807375,"1622 County Rd 19 N, Prattville, AL 36067, USA","USA",36067,"AL",-4,-5,-5,-5,-4.75,"Negative","Negative","Negative","Neutral","Negative",-0.859,-3.5,"Negative","Negative","Negative"
"88",2378881868,1374102351531929600,"2021-03-22 20:55:04","mamaonthemic","@bigposition @GinoFanelli A) Biden isn't keeping kids in cages, certainly not beyond short-term emergencies.
B) It's been 60 days. Biden appointed a pro-union Labor Secretary &amp; his overarching platform is in its infancy.
C, D, E, G) UBI for children, universal pre-K, DC statehood, ACA expansion.","en","Brighton, NY",43.1272685,-77.6052065,"106 Azalea Rd, Rochester, NY 14620, USA","USA",14620,"NY",3,2,2,2,2.25,"Positive","Positive","Positive","Positive","Positive",0.34,0,"Neutral","Neutral","Positive"
"89",831534972649480192,1374101805680955392,"2021-03-22 20:52:54","Glenn62580969","Well America who voted for Biden...ARE YOU HAPPY NOW? Look at what is going on at the border..a humanitarian disaster. How do you like paying $3.30 per gallon for gas soon to be $4. Wait there is more...higher taxes and more division. You can fix this in 2022 by voting Republican","en","",41.9761445,-88.2059585,"885 Illinois Rte 59, Bartlett, IL 60103, USA","USA",60103,"IL",-5,-5,-5,-5,-5,"Negative","Negative","Negative","Neutral","Negative",0.604,1.8,"Positive","Positive","Negative"
"90",4530914532,1374101714299711488,"2021-03-22 20:52:32","sweetbetty25","@laurenboebert you‚Äôre a disgrace traitor who supports murderers like Putin and you advocating for them is being a treasonous traitor President Biden and Madam Vice President Harris just earned our respect back by not being a coward to dictatorship moron","en","North Miami Beach, FL",26.150368,-80.14917255,"483 NW 17th Pl, Fort Lauderdale, FL 33311, USA","USA",33311,"FL",4,3,3,4,3.5,"Positive","Positive","Positive","Positive","Positive",-0.702,-3.75,"Negative","Negative","Positive"
"91",1051262941,1374101566542782464,"2021-03-22 20:51:57","stwalkover","@laurenboebert You‚Äôre talking about Obama right he built the cages he‚Äôs the one who put the people in there he‚Äôs the one who‚Äôs gave away the money now we have his better version mo money Biden people living on Social Security  don‚Äôt get that much money in 4 yrs 71,000 per family ridiculous","en","",39.6344608,-77.7289885,"460 Summit Ave, Hagerstown, MD 21740, USA","USA",21740,"MD",0,0,0,0,0,"Neutral","Neutral","Neutral","Neutral","Neutral",0.421,1.45,"Neutral","Positive","Neutral"
"92",3068974437,1374101564680441856,"2021-03-22 20:51:57","PA_Capitol_Boy","Ben Shapiro doesn't think Biden's stair incident is the worst deal on the worst but...literally opens his show with that üòÇ","en","Harrisburg, PA",41.1179365,-77.604684,"Unnamed Road, Beech Creek, PA 16822, USA","USA",16822,"PA",-1,-0.5,0,-1,-0.625,"Negative","Neutral","Neutral","Neutral","Neutral",-0.848,-0.5,"Negative","Neutral","Negative"
"93",841389319126450176,1374101541137752064,"2021-03-22 20:51:51","BobHowa81164100","@SenatorHassan @POTUS Trump already did that. Biden doesn‚Äôt have a clue!","en","North Conway, NH",33.63933985,-111.8583985,"16936 N 103rd Pl, Scottsdale, AZ 85255, USA","USA",85255,"AZ",-3,-2,-3,-4,-3,"Negative","Negative","Negative","Neutral","Negative",0,-0.1,"Neutral","Neutral","Negative"
"94",25899476,1374101502072066048,"2021-03-22 20:51:42","garami53","President Biden‚Äôs approval rating: https://t.co/njdfMHMep0","en","",42.7466125,-73.825288,"798 Albany Shaker Rd, Albany, NY 12211, USA","USA",12211,"NY",0,0,0,0,0,"Neutral","Neutral","Neutral","Neutral","Neutral",0.477,1,"Neutral","Positive","Neutral"
"95",78160399,1374101490135146496,"2021-03-22 20:51:39","jaxxxieee_","feel like Biden going up those stairs after that leg workout &gt;;( PAIN","en","Palmview, TX",26.1679047,-98.189648,"2401 Sailfish Ave, Pharr, TX 78577, USA","USA",78577,"TX",0,0,0,0,0,"Neutral","Neutral","Neutral","Neutral","Neutral",-0.111,-0.25,"Neutral","Neutral","Neutral"
"96",2407749319,1374101216863657984,"2021-03-22 20:50:34","LatinaFarmerUSA","Biden is reportedly getting even more serious about taxing the wealthy https://t.co/nZV9osVLVR

Of course...how else r they going 2fund this welfare state +""covid stimulus!? Or the massive group of people crossing the border due to our ""open door policy"" üòè","en","Iowa, USA",41.9382285,-93.38986395,"28229-28399 657th Ave, Maxwell, IA 50161, USA","USA",50161,"IA",-2,-2,-1,-2,-1.75,"Negative","Negative","Negative","Neutral","Negative",0.296,-0.3,"Neutral","Neutral","Negative"
"97",603877386,1374101191836250112,"2021-03-22 20:50:28","Glennkessler1","@TopeTanya We knoew who isn't Joe Biden More like Soros Obama Kerry Rice","en","Florida, USA",26.4422735,-80.16304205,"7498 Victory Ln, Delray Beach, FL 33446, USA","USA",33446,"FL",0,0,0,0,0,"Neutral","Neutral","Neutral","Neutral","Neutral",0.42,0.5,"Neutral","Neutral","Neutral"
"98",100049648,1374101102581399552,"2021-03-22 20:50:07","Alexforarizona","OUTRAGEOUS

Under Biden 25x more children (over 14k) have ""lost their parents forever"" when just a few months ago Ruben called 545 children in the same situation as CRIMINAL

Ruben justifies 14k children being trafficked as humane, whereas I call it ABHORRENT

#SecureTheBorder https://t.co/JlwIPic2Ds","en","Arizona, USA",38.89860285,-77.0143985,"250 Massachusetts Ave NE, Washington, DC 20002, USA","USA",20002,"DC",-5,-5,-5,-5,-5,"Negative","Negative","Negative","Neutral","Negative",-0.943,-2.3,"Negative","Negative","Negative"
"99",818164955413417984,1374101086118817792,"2021-03-22 20:50:03","mightymercer44","@JohnCollins_KP @immersed_in_luv Biden also doesn't say ""fake news"". 45 was such an a$$.... a yuge a$$!","en","Virginia, USA",38.0033755,-79.420865,"Unnamed Road, Goshen, VA 24439, USA","USA",24439,"VA",1,0,2,0,0.75,"Positive","Neutral","Positive","Neutral","Neutral",0.43,-0.75,"Neutral","Negative","Positive"
"100",318359463,1374101041868910592,"2021-03-22 20:49:52","firstteam1601","@cptjjp Let's not forget the real truth get rid of biden and impeach Harris and guess who's next in line Queen Nancy that's the deal that's the fix.","en","nyc",40.8305215,-73.1152225,"8 Uhl St, Lake Ronkonkoma, NY 11779, USA","USA",11779,"NY",-3,1,-3,-4,-2.25,"Negative","Positive","Negative","Neutral","Negative",0.453,0.5,"Neutral","Neutral","Negative"
"101",17645756,1374100933894758400,"2021-03-22 20:49:26","archibaldcrane","@MaxGhenis Doesn't Biden want to make section 8 an entitlement?","en","Glendale, California ",34.121286,-118.1149715,"1475 Wembley Rd, San Marino, CA 91108, USA","USA",91108,"CA",0,0,0,0,0,"Neutral","Neutral","Neutral","Neutral","Neutral",-0.057,0,"Neutral","Neutral","Neutral"
"102",73111920,1374100217084092416,"2021-03-22 20:46:35","mikeijames","@semperdiced the former guy removed diplomatic aid in the region and treated asylum-seekers inhumanely. this created the bottleneck. if they come now because they heard he‚Äôs no longer there, it‚Äôs STILL his fault for *doing those things.* biden is just cleaning up the mess he made with policy. https://t.co/sAV5CmsrON","en","San Francisco, CA",37.7706565,-122.4359785,"7140 Waller St, San Francisco, CA 94117, USA","USA",94117,"CA",3,3,3,3,3,"Positive","Positive","Positive","Positive","Positive",-0.66,0.85,"Negative","Positive","Positive"
"103",140915711,1374100067167129600,"2021-03-22 20:46:00","AlxHamiltn","Oh how @LeaderMcConnell regrets not having offloaded this ton of lard when he had the choice; and, No, the @JoeBiden @TheJusticeDept cannot be counted on - after the fact - to do his dirty work for him.

And 2022 cannot get here fast enough!

--
https://t.co/ybglncETCd","en","Washington, DC",39.396352,-76.6151805,"28 Southland Ct, Towson, MD 21204, USA","USA",21204,"MD",-3,-3,-4,-4,-3.5,"Negative","Negative","Negative","Neutral","Negative",-0.784,-0.85,"Negative","Negative","Negative"
"104",382913113,1374093264161284096,"2021-03-22 20:18:58","williamsdon645","Biden. Is. Bullshit. He. Should
Be. Kicked. Out. Of. The. Catholic. Church. Because. Of
His. Stance. On. Abortion. He
Is.   Awful. He. Stinks. Bad
Biden. Loves. Abortion
Biden got to. Be. Impeached then. Kicked. Out. Of. Office
Biden. Is. Bullshit.","en","south toms river",39.94164,-74.2080725,"126 Belmont Dr, Toms River, NJ 08757, USA","USA",8757,"NJ",-5,-5,-5,-5,-5,"Negative","Negative","Negative","Neutral","Negative",-0.908,-2.5,"Negative","Negative","Negative"
"105",52507511,1374099836983721984,"2021-03-22 20:45:05","CleanWaterMI","The gif above is from 2018. The pipeline that runs between two #GreatLakes is now 67‚ùó years old (68 in April).

#ActNow and tell President Biden to protect Michigan waters and not Canadian fossil fuel profit as we #BuildBackFossilFree.

#ShutDownLine5

https://t.co/WHDmXgiqcX","en","Michigan",42.24571305,-83.6018025,"320 Miles St, Ypsilanti, MI 48198, USA","USA",48198,"MI",-1,-2,-2,-2,-1.75,"Negative","Negative","Negative","Neutral","Negative",0.67,0.75,"Positive","Positive","Negative"
"106",23738478,1374099769426112512,"2021-03-22 20:44:49","FDRAKEJR1","President Joe Biden to focus on health care in Ohio State University visit Tuesday https://t.co/iJ2hbw5rve via @DispatchAlerts","en","Columbus Ohio",39.9946835,-82.98577205,"750 E 11th Ave, Columbus, OH 43211, USA","USA",43211,"OH",0,0,0,0,0,"Neutral","Neutral","Neutral","Neutral","Neutral",0.494,2.6,"Neutral","Positive","Neutral"
"107",123955165,1374099436427567104,"2021-03-22 20:43:29","pkdnmaxey","@JonLemire Ask the question,  how many died under The Trump Administration and The Biden administration during covid 19 ? Ask the question which is safer? Ask the question which administration understand Humanity? Please do","en","Greenwood Village,Colorado",39.62028215,-104.9238215,"5315 Preserve Dr, Greenwood Village, CO 80121, USA","USA",80121,"CO",0,-1,0,0,-0.25,"Neutral","Negative","Neutral","Neutral","Neutral",0.259,0.65,"Neutral","Positive","Neutral"
"108",16310869,1374099256022339584,"2021-03-22 20:42:46","RichDawg38","@jaketapper what are your thoughts on Biden firing the US Attorney the day after he filed voter fraud charges against 24 Democrats?  Let me guess. Non story right?  Had it been Trump it would be lead story for weeks.","en","Savannah, GA",32.0172845,-81.1096165,"201 Wheeler St, Savannah, GA 31405, USA","USA",31405,"GA",-2,-2,-3,-2,-2.25,"Negative","Negative","Negative","Neutral","Negative",-0.825,-0.05,"Negative","Neutral","Negative"
"109",244140970,1374099144915161088,"2021-03-22 20:42:20","FoxMaysville","Biden has ever reopen a number of detention centers.
If you really want to point things out https://t.co/yevGV8KrWl","en","Maysville",37.822244,-85.7682405,"Stewart Rd, Lebanon Junction, KY 40150, USA","USA",40150,"KY",-1,-1,-1,-1,-1,"Negative","Negative","Negative","Neutral","Negative",-0.155,-0.5,"Neutral","Neutral","Negative"
"110",239725442,1374098960961388544,"2021-03-22 20:41:36","KevLRNE","So Biden can keep 200-300+ children in cramped ‚Äúpods‚Äù no clue on if they‚Äôre sick, but American children being in school learning is an issue....... https://t.co/oMXfUN7LLn","en","Omaha, Nebraska ",41.275721,-96.053431,"1716 N 90th St, Omaha, NE 68114, USA","USA",68114,"NE",-3,-3,-2,-4,-3,"Negative","Negative","Negative","Neutral","Negative",-0.412,-0.45,"Neutral","Neutral","Negative"
"111",213276345,1374098787417927680,"2021-03-22 20:40:55","GeekyGeekyWays","@guitardis I know ICE has showed little interest in following President Biden's orders. Wouldn't surprise me if they were responsible for making things worse.","en","Fort Worth, Texas",32.7799665,-97.2859135,"1304 Gibson Ln, Fort Worth, TX 76117, USA","USA",76117,"TX",0,0,0,0,0,"Neutral","Neutral","Neutral","Neutral","Neutral",0.024,0.6,"Neutral","Positive","Neutral"
"112",459701527,1374098349301850112,"2021-03-22 20:39:10","slipfanejc","Back in December/January when it became more and more clear they had engineered the election to get Biden in I put the over/under on Biden‚Äôs term at July 4 2021. I still got big money on the under. #SleepyJoe","en","South Williamsport, PA",41.2217075,-77.05135095,"Cochran Ave, Armstrong Township, PA 17702, USA","USA",17702,"PA",-2,-4,-3,-4,-3.25,"Negative","Negative","Negative","Neutral","Negative",0.487,1.35,"Neutral","Positive","Negative"
"113",23113181,1374098305928589312,"2021-03-22 20:39:00","kimmie_c_","@AnnaDsays I swear to God, Biden better have his head on a swivel.","en","Tennessee, USA",35.7261815,-83.986413,"520 Sandy Springs Rd, Maryville, TN 37803, USA","USA",37803,"TN",0,-1,-1,0,-0.5,"Neutral","Negative","Negative","Neutral","Negative",0.586,0.7,"Positive","Positive","Neutral"
"114",956628504,1374098120477446144,"2021-03-22 20:38:16","MrsElizlia","@DWUhlfelderLaw They just want to find something negative to slap on Biden-Harris administration","en","USA",43.05672225,-87.9672925,"4151 W Lisbon Ave, Milwaukee, WI 53208, USA","USA",53208,"WI",2,2,3,2,2.25,"Positive","Positive","Positive","Positive","Positive",-0.421,-1.25,"Neutral","Negative","Positive"
"115",4746356804,1374058696104378368,"2021-03-22 18:01:36","dlerikson1","@davidchapman141 Biden requested ALL US attorneys appointed by the former guy to submit their resignations. The cause and effect you suggested was misleading at best  and a down right lie at worst.","en","Omaha, NE",41.275721,-96.053431,"1716 N 90th St, Omaha, NE 68114, USA","USA",68114,"NE",-4,-3,-3,-4,-3.5,"Negative","Negative","Negative","Neutral","Negative",-0.586,-0.7,"Negative","Negative","Negative"
"116",2828662192,1374098093357031424,"2021-03-22 20:38:09","Derrpi","@DmMoax @UzamakiJ @FeiKhal GODDAMN IT! Here I'm saying that Biden tripping up the stairs isn't funny and sticking to my word and then I scroll to this and the way I hollered! üôÉ","en","",40.780709,-73.9685415,"75 Great Lawn Oval, New York, NY 10024, USA","USA",10024,"NY",-1,-0.5,-1,0,-0.625,"Negative","Neutral","Negative","Neutral","Negative",-0.78,-0.8,"Negative","Negative","Negative"
"117",1263277807377014784,1374098066450513920,"2021-03-22 20:38:03","are_selfies","@KildayMorgan @tomgara I sure as hell don‚Äôt watch it.  Pretty nutty how determined they are to forget that america almost ended 2 months ago, or the constant sabotage of Biden that has hampered his ability to govern and take on the border problem, including long delayed leadership in key agencies.","en","",35.8439812,-78.657837,"4604 Gramercy Ct, Raleigh, NC 27609, USA","USA",27609,"NC",-5,-3,-4,3,-2.25,"Negative","Negative","Negative","Positive","Negative",-0.649,-1.2,"Negative","Negative","Negative"
"118",46294570,1374097834761392128,"2021-03-22 20:37:07","RobertHenry82","Next steps on infrastructure: https://t.co/0E0rjCHrTN","en","King of Prussia",40.0947845,-75.3817475,"286 Park Ln, King of Prussia, PA 19406, USA","USA",19406,"PA",0,0,0,0,0,"Neutral","Neutral","Neutral","Neutral","Neutral",0,0,"Neutral","Neutral","Neutral"
"119",710644547664027648,1374097319876980736,"2021-03-22 20:35:05","svancarekDennis","@GOP BIDEN created the problem","en","",34.2896895,-119.2289915,"Arroyo Verde Park Trail, Ventura, CA 93003, USA","USA",93003,"CA",-3,0,-2,-3,-2,"Negative","Neutral","Negative","Neutral","Negative",-0.178,-0.75,"Neutral","Negative","Negative"
"120",1233930167510355968,1374085155145588736,"2021-03-22 19:46:44","17Gfish","@JoeBiden your a Failure.
You only cancelled barely 1% of student Load debt. 
@BernieSanders deserves to be my president NOT YOU!
   I hope you catch the Newest Strain of Covid!!!","en","Newton, IA",41.7019005,-93.0422915,"315 E 9th St N, Newton, IA 50208, USA","USA",50208,"IA",-5,-5,-5,-5,-5,"Negative","Negative","Negative","Neutral","Negative",-0.89,-2.4,"Negative","Negative","Negative"
"121",1053506572868091904,1374096488352075776,"2021-03-22 20:31:46","DFSports1007","@Derek_Thompson9 (1/2)The budget for FY2021 for the VA has been increased by 22.7 billion dollars from FY2020. Biden hasn‚Äôt made a budget for the VA yet, as he‚Äôs been in office for less than 100 days, so the jury is still out on that one. It seems the budget has increased steadily every year... https://t.co/v0NNhnqjJ4","en","St Augustine, FL",27.93168015,-82.21839435,"3606 Whistle Stop Ln, Valrico, FL 33594, USA","USA",33594,"FL",0,0,0,0,0,"Neutral","Neutral","Neutral","Neutral","Neutral",0.494,0.5,"Neutral","Neutral","Neutral"
"122",1037903218494164992,1374096150085607424,"2021-03-22 20:30:26","Childscv2","@SenSanders Biden has been in office for 2 months.  He inherited a disaster with no transition. Not including the ignored pandemic. 
Democrat presidents have been cleaning up after GOP recessions, obstruction, and ""trickle down"" for decades. 

Give Biden some time, please!","en","Kennewick, WA",46.1690915,-119.106873,"703 E Eastlake Dr, Kennewick, WA 99337, USA","USA",99337,"WA",3,3,3,2,2.75,"Positive","Positive","Positive","Positive","Positive",-0.516,-0.9,"Negative","Negative","Positive"
"123",3217743118,1374095625931853824,"2021-03-22 20:28:21","ArielElyseGold","@AliAbunimah @JoeBiden @KamalaHarris @AOC Concentration camps for sure.","en","Ithaca, NY",42.4494885,-76.5088625,"525 3rd St, Ithaca, NY 14850, USA","USA",14850,"NY",-2,-2,-4,-5,-3.25,"Negative","Negative","Negative","Neutral","Negative",0.318,0,"Neutral","Neutral","Negative"
"124",166699198,1374095776100454400,"2021-03-22 20:28:57","DavidAndelman","‚Äú@JoeBiden and his team are considering a range of potential options for how to invest in working families and reform our tax code so it rewards work, not wealth,"" says @PressSec. How‚Äôs about starting with restoring the SALT deductions @POTUS45 ditched, whacking the #middleclass!","en","Paris / Canadensis",41.1179365,-77.604684,"Unnamed Road, Beech Creek, PA 16822, USA","USA",16822,"PA",-1,-2,-1,-2,-1.5,"Negative","Negative","Negative","Neutral","Negative",0.501,1.75,"Positive","Positive","Negative"
